{"cameraMode":{"drawMode":0,"name":"Shaded","section":"Shading Mode"},"sceneLighting":true,"audioPlay":false,"sceneViewState":{"showFog":true,"showMaterialUpdate":false,"showSkybox":true,"showFlares":true,"showImageEffects":true,"showParticleSystems":true},"in2DMode":false,"pivot":{"x":108.91240692138672,"y":494.2679138183594,"z":-525.422119140625},"rotation":{"x":0.19697724282741548,"y":-0.019122878089547159,"z":0.003837156342342496,"w":0.9802228808403015},"size":98.07988739013672,"orthographic":false}